studyName,"Event Index","Event Number","Datetime PST","Latitude","Longitude",Net,"Mesh Size (?)",Name,"Particle Mass (g)","Missing Value Expl. (Particle Mass)",Color,"Particle Type","Plastic Type"
SEAPLEX-0908NH,G1.5,281,"2009-08-12 20:59:00",35.9864,-139.8749,manta,333,G1.5.75.A11,0.0007,,black,fragment,HDPE
SEAPLEX-0908NH,G1.5,281,"2009-08-12 20:59:00",35.9864,-139.8749,manta,333,G1.5.75.A12,0.0016,,white,fragment,HDPE
SEAPLEX-0908NH,G1.5,281,"2009-08-12 20:59:00",35.9864,-139.8749,manta,333,G1.5.75.A3,0.0109,,black,fragment,HDPE
SEAPLEX-0908NH,G1.5,281,"2009-08-12 20:59:00",35.9864,-139.8749,manta,333,G1.5.75.A5,0.0046,,white,fragment,HDPE
SEAPLEX-0908NH,G1.5,281,"2009-08-12 20:59:00",35.9864,-139.8749,manta,333,G1.5.75.A9,0.0010,,white,fragment,HDPE
SEAPLEX-0908NH,G1.5,281,"2009-08-12 20:59:00",35.9864,-139.8749,manta,333,G1.5.75.B11,,NA,white,fragment,HDPE
SEAPLEX-0908NH,G1.5,281,"2009-08-12 20:59:00",35.9864,-139.8749,manta,333,G1.5.75.B2,0.0024,,white,line,HDPE
SEAPLEX-0908NH,G1.5,281,"2009-08-12 20:59:00",35.9864,-139.8749,manta,333,G1.5.75.B7,,NA,black,fragment,HDPE
SEAPLEX-0908NH,G1.5,281,"2009-08-12 20:59:00",35.9864,-139.8749,manta,333,G1.5.75.B9,0.0020,,white,fragment,HDPE
SEAPLEX-0908NH,G1.5,281,"2009-08-12 20:59:00",35.9864,-139.8749,manta,333,G1.5.75.C1,,NA,white,fragment,HDPE
SEAPLEX-0908NH,G1.5,281,"2009-08-12 20:59:00",35.9864,-139.8749,manta,333,G1.5.75.C11,,NA,yellow,fragment,HDPE
SEAPLEX-0908NH,G1.5,281,"2009-08-12 20:59:00",35.9864,-139.8749,manta,333,G1.5.75.C12,,NA,white,fragment,HDPE
SEAPLEX-0908NH,G1.5,281,"2009-08-12 20:59:00",35.9864,-139.8749,manta,333,G1.5.75.C2,,NA,white,fragment,HDPE
SEAPLEX-0908NH,G1.5,281,"2009-08-12 20:59:00",35.9864,-139.8749,manta,333,G1.5.75.C3,0.0016,,red,fragment,HDPE
SEAPLEX-0908NH,G1.5,281,"2009-08-12 20:59:00",35.9864,-139.8749,manta,333,G1.5.75.C5,0.0019,,white,fragment,HDPE
SEAPLEX-0908NH,G1.5,281,"2009-08-12 20:59:00",35.9864,-139.8749,manta,333,G1.5.75.C6,,NA,blue,fragment,HDPE
SEAPLEX-0908NH,G1.5,281,"2009-08-12 20:59:00",35.9864,-139.8749,manta,333,G1.5.75.C9,0.0013,,white,line,HDPE
SEAPLEX-0908NH,G1.5,281,"2009-08-12 20:59:00",35.9864,-139.8749,manta,333,G1.5.75.D1,0.0023,,white,fragment,HDPE
SEAPLEX-0908NH,G1.5,281,"2009-08-12 20:59:00",35.9864,-139.8749,manta,333,G1.5.75.A1,0.0098,,blue,fragment,LDPE
SEAPLEX-0908NH,G1.5,281,"2009-08-12 20:59:00",35.9864,-139.8749,manta,333,G1.5.75.A10,0.0023,,white,fragment,LDPE
SEAPLEX-0908NH,G1.5,281,"2009-08-12 20:59:00",35.9864,-139.8749,manta,333,G1.5.75.A2,0.0045,,white,fragment,LDPE
SEAPLEX-0908NH,G1.5,281,"2009-08-12 20:59:00",35.9864,-139.8749,manta,333,G1.5.75.A4,0.0008,,white,fragment,LDPE
SEAPLEX-0908NH,G1.5,281,"2009-08-12 20:59:00",35.9864,-139.8749,manta,333,G1.5.75.A8,0.0066,,white,line,LDPE
SEAPLEX-0908NH,G1.5,281,"2009-08-12 20:59:00",35.9864,-139.8749,manta,333,G1.5.75.B1,0.0017,,white,fragment,LDPE
SEAPLEX-0908NH,G1.5,281,"2009-08-12 20:59:00",35.9864,-139.8749,manta,333,G1.5.75.B10,0.0013,,black,fragment,LDPE
SEAPLEX-0908NH,G1.5,281,"2009-08-12 20:59:00",35.9864,-139.8749,manta,333,G1.5.75.B12,,NA,white,fragment,LDPE
SEAPLEX-0908NH,G1.5,281,"2009-08-12 20:59:00",35.9864,-139.8749,manta,333,G1.5.75.B4,0.0024,,white,fragment,LDPE
SEAPLEX-0908NH,G1.5,281,"2009-08-12 20:59:00",35.9864,-139.8749,manta,333,G1.5.75.B5,0.0005,,white,line,LDPE
SEAPLEX-0908NH,G1.5,281,"2009-08-12 20:59:00",35.9864,-139.8749,manta,333,G1.5.75.B6,,NA,blue,fragment,LDPE
SEAPLEX-0908NH,G1.5,281,"2009-08-12 20:59:00",35.9864,-139.8749,manta,333,G1.5.75.C10,0.0005,,yellow,fragment,LDPE
SEAPLEX-0908NH,G1.5,281,"2009-08-12 20:59:00",35.9864,-139.8749,manta,333,G1.5.75.A6,0.0086,,blue,fragment,PP
SEAPLEX-0908NH,G1.5,281,"2009-08-12 20:59:00",35.9864,-139.8749,manta,333,G1.5.75.A7,0.0196,,white,fragment,PP
SEAPLEX-0908NH,G1.5,281,"2009-08-12 20:59:00",35.9864,-139.8749,manta,333,G1.5.75.B3,0.0006,,white,nurdle,PP
SEAPLEX-0908NH,G1.5,281,"2009-08-12 20:59:00",35.9864,-139.8749,manta,333,G1.5.75.B8,0.0006,,white,line,PP
SEAPLEX-0908NH,G1.5,281,"2009-08-12 20:59:00",35.9864,-139.8749,manta,333,G1.5.75.C4,,NA,white,line,PP
SEAPLEX-0908NH,G1.5,281,"2009-08-12 20:59:00",35.9864,-139.8749,manta,333,G1.5.75.C7,,NA,white,fragment,PP
SEAPLEX-0908NH,G1.5,281,"2009-08-12 20:59:00",35.9864,-139.8749,manta,333,G1.5.75.C8,,NA,white,line,PP
SEAPLEX-0908NH,L2.2,382,"2009-08-15 11:50:00",34.0636,-141.6052,manta,333,L2.2.106.A3,0.0295,,white,fragment,HDPE
SEAPLEX-0908NH,L2.2,382,"2009-08-15 11:50:00",34.0636,-141.6052,manta,333,L2.2.106.AA4,,NA,black,fragment,HDPE
SEAPLEX-0908NH,L2.2,382,"2009-08-15 11:50:00",34.0636,-141.6052,manta,333,L2.2.106.B1,0.0170,,grey,fragment,HDPE
SEAPLEX-0908NH,L2.2,382,"2009-08-15 11:50:00",34.0636,-141.6052,manta,333,L2.2.106.B3,0.0183,,white,fragment,HDPE
SEAPLEX-0908NH,L2.2,382,"2009-08-15 11:50:00",34.0636,-141.6052,manta,333,L2.2.106.B6,0.0024,,white,fragment,HDPE
SEAPLEX-0908NH,L2.2,382,"2009-08-15 11:50:00",34.0636,-141.6052,manta,333,L2.2.106.BB2,,NA,NA,NA,HDPE
SEAPLEX-0908NH,L2.2,382,"2009-08-15 11:50:00",34.0636,-141.6052,manta,333,L2.2.106.C2,0.0024,,white,fragment,HDPE
SEAPLEX-0908NH,L2.2,382,"2009-08-15 11:50:00",34.0636,-141.6052,manta,333,L2.2.106.D1,0.0028,,white,fragment,HDPE
SEAPLEX-0908NH,L2.2,382,"2009-08-15 11:50:00",34.0636,-141.6052,manta,333,L2.2.106.D3,,NA,black,fragment,HDPE
SEAPLEX-0908NH,L2.2,382,"2009-08-15 11:50:00",34.0636,-141.6052,manta,333,L2.2.106.D6,,NA,white,fragment,HDPE
SEAPLEX-0908NH,L2.2,382,"2009-08-15 11:50:00",34.0636,-141.6052,manta,333,L2.2.106.A1,0.0901,,black,fragment,LDPE
SEAPLEX-0908NH,L2.2,382,"2009-08-15 11:50:00",34.0636,-141.6052,manta,333,L2.2.106.A2,0.0194,,grey,line,LDPE
SEAPLEX-0908NH,L2.2,382,"2009-08-15 11:50:00",34.0636,-141.6052,manta,333,L2.2.106.A4,0.0118,,white,fragment,LDPE
SEAPLEX-0908NH,L2.2,382,"2009-08-15 11:50:00",34.0636,-141.6052,manta,333,L2.2.106.A6,0.0113,,black,fragment,LDPE
SEAPLEX-0908NH,L2.2,382,"2009-08-15 11:50:00",34.0636,-141.6052,manta,333,L2.2.106.AA1,,NA,white,fragment,LDPE
SEAPLEX-0908NH,L2.2,382,"2009-08-15 11:50:00",34.0636,-141.6052,manta,333,L2.2.106.AA2,,NA,white,fragment,LDPE
SEAPLEX-0908NH,L2.2,382,"2009-08-15 11:50:00",34.0636,-141.6052,manta,333,L2.2.106.AA3,,NA,white,fragment,LDPE
SEAPLEX-0908NH,L2.2,382,"2009-08-15 11:50:00",34.0636,-141.6052,manta,333,L2.2.106.AA5,,NA,black,fragment,LDPE
SEAPLEX-0908NH,L2.2,382,"2009-08-15 11:50:00",34.0636,-141.6052,manta,333,L2.2.106.AA6,,NA,black,line,LDPE
SEAPLEX-0908NH,L2.2,382,"2009-08-15 11:50:00",34.0636,-141.6052,manta,333,L2.2.106.B2,0.0316,,grey,fragment,LDPE
SEAPLEX-0908NH,L2.2,382,"2009-08-15 11:50:00",34.0636,-141.6052,manta,333,L2.2.106.B4,0.0021,,white,fragment,LDPE
SEAPLEX-0908NH,L2.2,382,"2009-08-15 11:50:00",34.0636,-141.6052,manta,333,L2.2.106.B5,0.0029,,white,fragment,LDPE
SEAPLEX-0908NH,L2.2,382,"2009-08-15 11:50:00",34.0636,-141.6052,manta,333,L2.2.106.BB1,,NA,white,fragment,LDPE
SEAPLEX-0908NH,L2.2,382,"2009-08-15 11:50:00",34.0636,-141.6052,manta,333,L2.2.106.BB4,,NA,NA,NA,LDPE
SEAPLEX-0908NH,L2.2,382,"2009-08-15 11:50:00",34.0636,-141.6052,manta,333,L2.2.106.BB5,,NA,NA,NA,LDPE
SEAPLEX-0908NH,L2.2,382,"2009-08-15 11:50:00",34.0636,-141.6052,manta,333,L2.2.106.BB6,,NA,NA,NA,LDPE
SEAPLEX-0908NH,L2.2,382,"2009-08-15 11:50:00",34.0636,-141.6052,manta,333,L2.2.106.C1,0.0027,,white,fragment,LDPE
SEAPLEX-0908NH,L2.2,382,"2009-08-15 11:50:00",34.0636,-141.6052,manta,333,L2.2.106.C3,0.0074,,yellow,line,LDPE
SEAPLEX-0908NH,L2.2,382,"2009-08-15 11:50:00",34.0636,-141.6052,manta,333,L2.2.106.C4,0.0026,,white,film,LDPE
SEAPLEX-0908NH,L2.2,382,"2009-08-15 11:50:00",34.0636,-141.6052,manta,333,L2.2.106.C5,0.0054,,white,fragment,LDPE
SEAPLEX-0908NH,L2.2,382,"2009-08-15 11:50:00",34.0636,-141.6052,manta,333,L2.2.106.C6,0.0021,,white,fragment,LDPE
SEAPLEX-0908NH,L2.2,382,"2009-08-15 11:50:00",34.0636,-141.6052,manta,333,L2.2.106.CC1,,NA,NA,NA,LDPE
SEAPLEX-0908NH,L2.2,382,"2009-08-15 11:50:00",34.0636,-141.6052,manta,333,L2.2.106.CC2,,NA,NA,NA,LDPE
SEAPLEX-0908NH,L2.2,382,"2009-08-15 11:50:00",34.0636,-141.6052,manta,333,L2.2.106.CC3,,NA,NA,NA,LDPE
SEAPLEX-0908NH,L2.2,382,"2009-08-15 11:50:00",34.0636,-141.6052,manta,333,L2.2.106.CC4,,NA,NA,NA,LDPE
SEAPLEX-0908NH,L2.2,382,"2009-08-15 11:50:00",34.0636,-141.6052,manta,333,L2.2.106.CC5,,NA,NA,NA,LDPE
SEAPLEX-0908NH,L2.2,382,"2009-08-15 11:50:00",34.0636,-141.6052,manta,333,L2.2.106.CC6,,NA,NA,NA,LDPE
SEAPLEX-0908NH,L2.2,382,"2009-08-15 11:50:00",34.0636,-141.6052,manta,333,L2.2.106.D2,0.0021,,white,fragment,LDPE
SEAPLEX-0908NH,L2.2,382,"2009-08-15 11:50:00",34.0636,-141.6052,manta,333,L2.2.106.D4,,NA,black,fragment,LDPE
SEAPLEX-0908NH,L2.2,382,"2009-08-15 11:50:00",34.0636,-141.6052,manta,333,L2.2.106.D5,,NA,black,fragment,LDPE
SEAPLEX-0908NH,L2.2,382,"2009-08-15 11:50:00",34.0636,-141.6052,manta,333,L2.2.106.A5,0.0037,,white,fragment,PP
SEAPLEX-0908NH,L2.2,382,"2009-08-15 11:50:00",34.0636,-141.6052,manta,333,L2.2.106.BB3,,NA,NA,NA,PP
SEAPLEX-0908NH,S3,226,"2009-08-11 08:21:00",32.8909,-140.3057,manta,333,S3.58.A3,0.0002,,white,fragment,HDPE
SEAPLEX-0908NH,S3,226,"2009-08-11 08:21:00",32.8909,-140.3057,manta,333,S3.58.AA1,,NA,white,fragment,HDPE
SEAPLEX-0908NH,S3,226,"2009-08-11 08:21:00",32.8909,-140.3057,manta,333,S3.58.AA2,0.0007,,white,fragment,HDPE
SEAPLEX-0908NH,S3,226,"2009-08-11 08:21:00",32.8909,-140.3057,manta,333,S3.58.AA3,0.0011,,yellow,fragment,HDPE
SEAPLEX-0908NH,S3,226,"2009-08-11 08:21:00",32.8909,-140.3057,manta,333,S3.58.AA6,0.0020,,white,fragment,HDPE
SEAPLEX-0908NH,S3,226,"2009-08-11 08:21:00",32.8909,-140.3057,manta,333,S3.58.B2,,NA,white,fragment,HDPE
SEAPLEX-0908NH,S3,226,"2009-08-11 08:21:00",32.8909,-140.3057,manta,333,S3.58.B3,0.0006,,blue,fragment,HDPE
SEAPLEX-0908NH,S3,226,"2009-08-11 08:21:00",32.8909,-140.3057,manta,333,S3.58.B4,,NA,white,fragment,HDPE
SEAPLEX-0908NH,S3,226,"2009-08-11 08:21:00",32.8909,-140.3057,manta,333,S3.58.B5,,NA,white,fragment,HDPE
SEAPLEX-0908NH,S3,226,"2009-08-11 08:21:00",32.8909,-140.3057,manta,333,S3.58.B6,0.0025,,white,fragment,HDPE
SEAPLEX-0908NH,S3,226,"2009-08-11 08:21:00",32.8909,-140.3057,manta,333,S3.58.BB1,0.0004,,blue,fragment,HDPE
SEAPLEX-0908NH,S3,226,"2009-08-11 08:21:00",32.8909,-140.3057,manta,333,S3.58.BB2,,NA,white,fragment,HDPE
SEAPLEX-0908NH,S3,226,"2009-08-11 08:21:00",32.8909,-140.3057,manta,333,S3.58.BB3,,LOST,white,fragment,HDPE
SEAPLEX-0908NH,S3,226,"2009-08-11 08:21:00",32.8909,-140.3057,manta,333,S3.58.BB4,,NA,white,line,HDPE
SEAPLEX-0908NH,S3,226,"2009-08-11 08:21:00",32.8909,-140.3057,manta,333,S3.58.C1,,NA,blue,fragment,HDPE
SEAPLEX-0908NH,S3,226,"2009-08-11 08:21:00",32.8909,-140.3057,manta,333,S3.58.C3,0.0023,,white,fragment,HDPE
SEAPLEX-0908NH,S3,226,"2009-08-11 08:21:00",32.8909,-140.3057,manta,333,S3.58.C4,0.0008,,white,fragment,HDPE
SEAPLEX-0908NH,S3,226,"2009-08-11 08:21:00",32.8909,-140.3057,manta,333,S3.58.C5,,NA,white,fragment,HDPE
SEAPLEX-0908NH,S3,226,"2009-08-11 08:21:00",32.8909,-140.3057,manta,333,S3.58.CC2,0.0006,,white,fragment,HDPE
SEAPLEX-0908NH,S3,226,"2009-08-11 08:21:00",32.8909,-140.3057,manta,333,S3.58.CC5,,NA,black,fragment,HDPE
SEAPLEX-0908NH,S3,226,"2009-08-11 08:21:00",32.8909,-140.3057,manta,333,S3.58.D1,0.0009,,white,fragment,HDPE
SEAPLEX-0908NH,S3,226,"2009-08-11 08:21:00",32.8909,-140.3057,manta,333,S3.58.D3,,NA,white,fragment,HDPE
SEAPLEX-0908NH,S3,226,"2009-08-11 08:21:00",32.8909,-140.3057,manta,333,S3.58.D4,0.0008,,white,fragment,HDPE
SEAPLEX-0908NH,S3,226,"2009-08-11 08:21:00",32.8909,-140.3057,manta,333,S3.58.D5,,NA,white,fragment,HDPE
SEAPLEX-0908NH,S3,226,"2009-08-11 08:21:00",32.8909,-140.3057,manta,333,S3.58.DD4,,NA,white,fragment,HDPE
SEAPLEX-0908NH,S3,226,"2009-08-11 08:21:00",32.8909,-140.3057,manta,333,S3.58.DD6,,NA,white,fragment,HDPE
SEAPLEX-0908NH,S3,226,"2009-08-11 08:21:00",32.8909,-140.3057,manta,333,S3.58.A4,0.0001,,white,fragment,LDPE
SEAPLEX-0908NH,S3,226,"2009-08-11 08:21:00",32.8909,-140.3057,manta,333,S3.58.AA4,,NA,black,fragment,LDPE
SEAPLEX-0908NH,S3,226,"2009-08-11 08:21:00",32.8909,-140.3057,manta,333,S3.58.B1,,NA,white,fragment,LDPE
SEAPLEX-0908NH,S3,226,"2009-08-11 08:21:00",32.8909,-140.3057,manta,333,S3.58.CC1,,NA,white,fragment,LDPE
SEAPLEX-0908NH,S3,226,"2009-08-11 08:21:00",32.8909,-140.3057,manta,333,S3.58.CC6,,NA,white,fragment,LDPE
SEAPLEX-0908NH,S3,226,"2009-08-11 08:21:00",32.8909,-140.3057,manta,333,S3.58.D2,0.0068,,white,fragment,LDPE
SEAPLEX-0908NH,S3,226,"2009-08-11 08:21:00",32.8909,-140.3057,manta,333,S3.58.D6,0.0005,,white,fragment,LDPE
SEAPLEX-0908NH,S3,226,"2009-08-11 08:21:00",32.8909,-140.3057,manta,333,S3.58.DD1,,NA,white,fragment,LDPE
SEAPLEX-0908NH,S3,226,"2009-08-11 08:21:00",32.8909,-140.3057,manta,333,S3.58.DD2,,NA,blue,fragment,LDPE
SEAPLEX-0908NH,S3,226,"2009-08-11 08:21:00",32.8909,-140.3057,manta,333,S3.58.DD5,,NA,white,fragment,LDPE
SEAPLEX-0908NH,S3,226,"2009-08-11 08:21:00",32.8909,-140.3057,manta,333,S3.58.A1,0.0011,,white,fragment,PP
SEAPLEX-0908NH,S3,226,"2009-08-11 08:21:00",32.8909,-140.3057,manta,333,S3.58.A2,0.0001,,white,fragment,PP
SEAPLEX-0908NH,S3,226,"2009-08-11 08:21:00",32.8909,-140.3057,manta,333,S3.58.A6,0.0032,,white,fragment,PP
SEAPLEX-0908NH,S3,226,"2009-08-11 08:21:00",32.8909,-140.3057,manta,333,S3.58.BB5,,NA,black,line,PP
SEAPLEX-0908NH,S3,226,"2009-08-11 08:21:00",32.8909,-140.3057,manta,333,S3.58.BB6,0.0005,,black,film,PP
SEAPLEX-0908NH,S3,226,"2009-08-11 08:21:00",32.8909,-140.3057,manta,333,S3.58.A5,0.0003,,white,fragment,PS
SEAPLEX-0908NH,S4,334,"2009-08-14 10:30:00",34.0563,-139.9629,manta,333,S4.93.A2,0.0327,,yellow,fragment,HDPE
SEAPLEX-0908NH,S4,334,"2009-08-14 10:30:00",34.0563,-139.9629,manta,333,S4.93.B1,0.0067,,white,fragment,HDPE
SEAPLEX-0908NH,S4,334,"2009-08-14 10:30:00",34.0563,-139.9629,manta,333,S4.93.B10,0.0011,,white,fragment,HDPE
SEAPLEX-0908NH,S4,334,"2009-08-14 10:30:00",34.0563,-139.9629,manta,333,S4.93.B11,0.0084,,white,fragment,HDPE
SEAPLEX-0908NH,S4,334,"2009-08-14 10:30:00",34.0563,-139.9629,manta,333,S4.93.B2,0.0027,,white,fragment,HDPE
SEAPLEX-0908NH,S4,334,"2009-08-14 10:30:00",34.0563,-139.9629,manta,333,S4.93.B5,0.0053,,white,fragment,HDPE
SEAPLEX-0908NH,S4,334,"2009-08-14 10:30:00",34.0563,-139.9629,manta,333,S4.93.B7,0.0027,,blue,fragment,HDPE
SEAPLEX-0908NH,S4,334,"2009-08-14 10:30:00",34.0563,-139.9629,manta,333,S4.93.B8,0.0020,,blue,fragment,HDPE
SEAPLEX-0908NH,S4,334,"2009-08-14 10:30:00",34.0563,-139.9629,manta,333,S4.93.C1,0.0019,,white,fragment,HDPE
SEAPLEX-0908NH,S4,334,"2009-08-14 10:30:00",34.0563,-139.9629,manta,333,S4.93.C10,0.0013,,black,fragment,HDPE
SEAPLEX-0908NH,S4,334,"2009-08-14 10:30:00",34.0563,-139.9629,manta,333,S4.93.C12,0.0003,,white,fragment,HDPE
SEAPLEX-0908NH,S4,334,"2009-08-14 10:30:00",34.0563,-139.9629,manta,333,S4.93.C3,0.0008,,white,fragment,HDPE
SEAPLEX-0908NH,S4,334,"2009-08-14 10:30:00",34.0563,-139.9629,manta,333,S4.93.D7,0.0002,,white,fragment,HDPE
SEAPLEX-0908NH,S4,334,"2009-08-14 10:30:00",34.0563,-139.9629,manta,333,S4.93.D8,0.0042,,white,fragment,HDPE
SEAPLEX-0908NH,S4,334,"2009-08-14 10:30:00",34.0563,-139.9629,manta,333,S4.93.E1,0.0016,,white,fragment,HDPE
SEAPLEX-0908NH,S4,334,"2009-08-14 10:30:00",34.0563,-139.9629,manta,333,S4.93.E2,0.0006,,blue,fragment,HDPE
SEAPLEX-0908NH,S4,334,"2009-08-14 10:30:00",34.0563,-139.9629,manta,333,S4.93.E3,0.0004,,white,fragment,HDPE
SEAPLEX-0908NH,S4,334,"2009-08-14 10:30:00",34.0563,-139.9629,manta,333,S4.93.E4,0.0014,,white,fragment,HDPE
SEAPLEX-0908NH,S4,334,"2009-08-14 10:30:00",34.0563,-139.9629,manta,333,S4.93.E6,,NA,white,fragment,HDPE
SEAPLEX-0908NH,S4,334,"2009-08-14 10:30:00",34.0563,-139.9629,manta,333,S4.93.A1,0.0396,,white,fragment,LDPE
SEAPLEX-0908NH,S4,334,"2009-08-14 10:30:00",34.0563,-139.9629,manta,333,S4.93.A3,0.0115,,yellow,fragment,LDPE
SEAPLEX-0908NH,S4,334,"2009-08-14 10:30:00",34.0563,-139.9629,manta,333,S4.93.A4,0.0125,,white,nurdle,LDPE
SEAPLEX-0908NH,S4,334,"2009-08-14 10:30:00",34.0563,-139.9629,manta,333,S4.93.A5,0.0005,,white,line,LDPE
SEAPLEX-0908NH,S4,334,"2009-08-14 10:30:00",34.0563,-139.9629,manta,333,S4.93.A6,0.1096,,white,fragment,LDPE
SEAPLEX-0908NH,S4,334,"2009-08-14 10:30:00",34.0563,-139.9629,manta,333,S4.93.B12,0.0009,,white,fragment,LDPE
SEAPLEX-0908NH,S4,334,"2009-08-14 10:30:00",34.0563,-139.9629,manta,333,S4.93.B3,0.0172,,blue,fragment,LDPE
SEAPLEX-0908NH,S4,334,"2009-08-14 10:30:00",34.0563,-139.9629,manta,333,S4.93.B4,0.0285,,white,fragment,LDPE
SEAPLEX-0908NH,S4,334,"2009-08-14 10:30:00",34.0563,-139.9629,manta,333,S4.93.B9,0.0007,,white,fragment,LDPE
SEAPLEX-0908NH,S4,334,"2009-08-14 10:30:00",34.0563,-139.9629,manta,333,S4.93.C11,0.0005,,white,fragment,LDPE
SEAPLEX-0908NH,S4,334,"2009-08-14 10:30:00",34.0563,-139.9629,manta,333,S4.93.C2,0.0010,,white,fragment,LDPE
SEAPLEX-0908NH,S4,334,"2009-08-14 10:30:00",34.0563,-139.9629,manta,333,S4.93.C4,0.0011,,white,fragment,LDPE
SEAPLEX-0908NH,S4,334,"2009-08-14 10:30:00",34.0563,-139.9629,manta,333,S4.93.C5,0.0009,,white,fragment,LDPE
SEAPLEX-0908NH,S4,334,"2009-08-14 10:30:00",34.0563,-139.9629,manta,333,S4.93.C6,0.0008,,white,fragment,LDPE
SEAPLEX-0908NH,S4,334,"2009-08-14 10:30:00",34.0563,-139.9629,manta,333,S4.93.C7,0.0012,,white,fragment,LDPE
SEAPLEX-0908NH,S4,334,"2009-08-14 10:30:00",34.0563,-139.9629,manta,333,S4.93.C8,0.0086,,white,fragment,LDPE
SEAPLEX-0908NH,S4,334,"2009-08-14 10:30:00",34.0563,-139.9629,manta,333,S4.93.C9,0.0026,,black,fragment,LDPE
SEAPLEX-0908NH,S4,334,"2009-08-14 10:30:00",34.0563,-139.9629,manta,333,S4.93.D1,0.0012,,blue,fragment,LDPE
SEAPLEX-0908NH,S4,334,"2009-08-14 10:30:00",34.0563,-139.9629,manta,333,S4.93.D10,0.0006,,white,fragment,LDPE
SEAPLEX-0908NH,S4,334,"2009-08-14 10:30:00",34.0563,-139.9629,manta,333,S4.93.D11,0.0006,,black,fragment,LDPE
SEAPLEX-0908NH,S4,334,"2009-08-14 10:30:00",34.0563,-139.9629,manta,333,S4.93.D12,0.0003,,white,fragment,LDPE
SEAPLEX-0908NH,S4,334,"2009-08-14 10:30:00",34.0563,-139.9629,manta,333,S4.93.D2,0.0003,,white,fragment,LDPE
SEAPLEX-0908NH,S4,334,"2009-08-14 10:30:00",34.0563,-139.9629,manta,333,S4.93.D4,0.0013,,white,line,LDPE
SEAPLEX-0908NH,S4,334,"2009-08-14 10:30:00",34.0563,-139.9629,manta,333,S4.93.D5,0.0005,,black,line,LDPE
SEAPLEX-0908NH,S4,334,"2009-08-14 10:30:00",34.0563,-139.9629,manta,333,S4.93.D9,0.0006,,blue,fragment,LDPE
SEAPLEX-0908NH,S4,334,"2009-08-14 10:30:00",34.0563,-139.9629,manta,333,S4.93.E10,0.0004,,white,fragment,LDPE
SEAPLEX-0908NH,S4,334,"2009-08-14 10:30:00",34.0563,-139.9629,manta,333,S4.93.E11,0.0003,,white,fragment,LDPE
SEAPLEX-0908NH,S4,334,"2009-08-14 10:30:00",34.0563,-139.9629,manta,333,S4.93.E5,0.0012,,white,fragment,LDPE
SEAPLEX-0908NH,S4,334,"2009-08-14 10:30:00",34.0563,-139.9629,manta,333,S4.93.E7,0.0017,,white,fragment,LDPE
SEAPLEX-0908NH,S4,334,"2009-08-14 10:30:00",34.0563,-139.9629,manta,333,S4.93.E8,0.0005,,black,line,LDPE
SEAPLEX-0908NH,S4,334,"2009-08-14 10:30:00",34.0563,-139.9629,manta,333,S4.93.E9,0.0005,,white,fragment,LDPE
SEAPLEX-0908NH,S4,334,"2009-08-14 10:30:00",34.0563,-139.9629,manta,333,S4.93.D3,0.0020,,white,fragment,PP
SEAPLEX-0908NH,S4,334,"2009-08-14 10:30:00",34.0563,-139.9629,manta,333,S4.93.D6,0.0003,,black,fragment,PP
SEAPLEX-0908NH,S4,334,"2009-08-14 10:30:00",34.0563,-139.9629,manta,333,S4.93.E12,,NA,white,fragment,PP
SEAPLEX-0908NH,S4,334,"2009-08-14 10:30:00",34.0563,-139.9629,manta,333,S4.93.F1,0.0009,,white,fragment,HDPE
SEAPLEX-0908NH,S4,334,"2009-08-14 10:30:00",34.0563,-139.9629,manta,333,S4.93.F10,0.0003,,white,fragment,HDPE
SEAPLEX-0908NH,S4,334,"2009-08-14 10:30:00",34.0563,-139.9629,manta,333,S4.93.F2,,NA,white,fragment,HDPE
SEAPLEX-0908NH,S4,334,"2009-08-14 10:30:00",34.0563,-139.9629,manta,333,S4.93.F4,0.0017,,white,fragment,HDPE
SEAPLEX-0908NH,S4,334,"2009-08-14 10:30:00",34.0563,-139.9629,manta,333,S4.93.F7,0.0004,,blue,fragment,HDPE
SEAPLEX-0908NH,S4,334,"2009-08-14 10:30:00",34.0563,-139.9629,manta,333,S4.93.F9,0.0029,,white,fragment,HDPE
SEAPLEX-0908NH,S4,334,"2009-08-14 10:30:00",34.0563,-139.9629,manta,333,S4.93.G1,0.0002,,blue,fragment,HDPE
SEAPLEX-0908NH,S4,334,"2009-08-14 10:30:00",34.0563,-139.9629,manta,333,S4.93.G2,,NA,white,fragment,HDPE
SEAPLEX-0908NH,S4,334,"2009-08-14 10:30:00",34.0563,-139.9629,manta,333,S4.93.F11,0.0004,,white,line,LDPE
SEAPLEX-0908NH,S4,334,"2009-08-14 10:30:00",34.0563,-139.9629,manta,333,S4.93.F12,,NA,white,fragment,LDPE
SEAPLEX-0908NH,S4,334,"2009-08-14 10:30:00",34.0563,-139.9629,manta,333,S4.93.F5,,NA,black,fragment,LDPE
SEAPLEX-0908NH,S4,334,"2009-08-14 10:30:00",34.0563,-139.9629,manta,333,S4.93.F6,0.0003,,white,fragment,LDPE
SEAPLEX-0908NH,S4,334,"2009-08-14 10:30:00",34.0563,-139.9629,manta,333,S4.93.F8,0.0006,,white,fragment,PP
SEAPLEX-0908NH,U12,90,"2009-08-06 14:23:00",32.2103,-130.245,manta,333,U12.23.B11,0.0016,,white,fragment,HDPE
SEAPLEX-0908NH,U12,90,"2009-08-06 14:23:00",32.2103,-130.245,manta,333,U12.23.B12,0.0060,,blue,fragment,HDPE
SEAPLEX-0908NH,U12,90,"2009-08-06 14:23:00",32.2103,-130.245,manta,333,U12.23.B5,0.0083,,white,nurdle,HDPE
SEAPLEX-0908NH,U12,90,"2009-08-06 14:23:00",32.2103,-130.245,manta,333,U12.23.B8,0.0028,,green,fragment,HDPE
SEAPLEX-0908NH,U12,90,"2009-08-06 14:23:00",32.2103,-130.245,manta,333,U12.23.B9,0.0085,,blue,fragment,HDPE
SEAPLEX-0908NH,U12,90,"2009-08-06 14:23:00",32.2103,-130.245,manta,333,U12.23.C8,,NA,white,fragment,HDPE
SEAPLEX-0908NH,U12,90,"2009-08-06 14:23:00",32.2103,-130.245,manta,333,U12.23.B10,0.0043,,black,fragment,LDPE
SEAPLEX-0908NH,U12,90,"2009-08-06 14:23:00",32.2103,-130.245,manta,333,U12.23.B6,0.0103,,white,fragment,LDPE
SEAPLEX-0908NH,U12,90,"2009-08-06 14:23:00",32.2103,-130.245,manta,333,U12.23.B7,0.0112,,white,fragment,LDPE
SEAPLEX-0908NH,U12,90,"2009-08-06 14:23:00",32.2103,-130.245,manta,333,U12.23.C1,0.0012,,white,fragment,LDPE
SEAPLEX-0908NH,U12,90,"2009-08-06 14:23:00",32.2103,-130.245,manta,333,U12.23.C10,0.0256,,yellow,fragment,LDPE
SEAPLEX-0908NH,U12,90,"2009-08-06 14:23:00",32.2103,-130.245,manta,333,U12.23.C2,0.0015,,white,fragment,LDPE
SEAPLEX-0908NH,U12,90,"2009-08-06 14:23:00",32.2103,-130.245,manta,333,U12.23.C3,0.0026,,blue,fragment,LDPE
SEAPLEX-0908NH,U12,90,"2009-08-06 14:23:00",32.2103,-130.245,manta,333,U12.23.C4,0.0021,,black,grey,LDPE
SEAPLEX-0908NH,U12,90,"2009-08-06 14:23:00",32.2103,-130.245,manta,333,U12.23.C5,0.0098,,black,grey,LDPE
SEAPLEX-0908NH,U12,90,"2009-08-06 14:23:00",32.2103,-130.245,manta,333,U12.23.C6,0.0009,,white,fragment,LDPE
SEAPLEX-0908NH,U12,90,"2009-08-06 14:23:00",32.2103,-130.245,manta,333,U12.23.C9,,NA,clear,film,PP
SEAPLEX-0908NH,U12,90,"2009-08-06 14:23:00",32.2103,-130.245,manta,333,U12.23.C7,0.0007,,white,fragment,NA
SEAPLEX-0908NH,U16,104,"2009-08-07 14:05:00",32.1206,-134.2315,manta,333,U16.27.A10,0.0006,,grey,line,HDPE
SEAPLEX-0908NH,U16,104,"2009-08-07 14:05:00",32.1206,-134.2315,manta,333,U16.27.A11,0.0036,,white,line,HDPE
SEAPLEX-0908NH,U16,104,"2009-08-07 14:05:00",32.1206,-134.2315,manta,333,U16.27.A6,0.0005,,white,line,HDPE
SEAPLEX-0908NH,U16,104,"2009-08-07 14:05:00",32.1206,-134.2315,manta,333,U16.27.B1,0.0011,,green,line,HDPE
SEAPLEX-0908NH,U16,104,"2009-08-07 14:05:00",32.1206,-134.2315,manta,333,U16.27.B10,0.0004,,black,fragment,HDPE
SEAPLEX-0908NH,U16,104,"2009-08-07 14:05:00",32.1206,-134.2315,manta,333,U16.27.B4,0.0003,,grey,line,HDPE
SEAPLEX-0908NH,U16,104,"2009-08-07 14:05:00",32.1206,-134.2315,manta,333,U16.27.B9,0.0004,,white,fragment,HDPE
SEAPLEX-0908NH,U16,104,"2009-08-07 14:05:00",32.1206,-134.2315,manta,333,U16.27.C11,,NA,white,fragment,HDPE
SEAPLEX-0908NH,U16,104,"2009-08-07 14:05:00",32.1206,-134.2315,manta,333,U16.27.C3,,NA,white,fragment,HDPE
SEAPLEX-0908NH,U16,104,"2009-08-07 14:05:00",32.1206,-134.2315,manta,333,U16.27.D2,0.0002,,purple,fragment,HDPE
SEAPLEX-0908NH,U16,104,"2009-08-07 14:05:00",32.1206,-134.2315,manta,333,U16.27.D3,,NA,white,fragment,HDPE
SEAPLEX-0908NH,U16,104,"2009-08-07 14:05:00",32.1206,-134.2315,manta,333,U16.27.D6,,NA,white,fragment,HDPE
SEAPLEX-0908NH,U16,104,"2009-08-07 14:05:00",32.1206,-134.2315,manta,333,U16.27.E4,,NA,yellow,fragment,HDPE
SEAPLEX-0908NH,U16,104,"2009-08-07 14:05:00",32.1206,-134.2315,manta,333,U16.27.A1,0.0023,,yellow,line,LDPE
SEAPLEX-0908NH,U16,104,"2009-08-07 14:05:00",32.1206,-134.2315,manta,333,U16.27.A12,0.0003,,grey,line,LDPE
SEAPLEX-0908NH,U16,104,"2009-08-07 14:05:00",32.1206,-134.2315,manta,333,U16.27.A2,0.0007,,white,line,LDPE
SEAPLEX-0908NH,U16,104,"2009-08-07 14:05:00",32.1206,-134.2315,manta,333,U16.27.A3,0.0031,,grey,line,LDPE
SEAPLEX-0908NH,U16,104,"2009-08-07 14:05:00",32.1206,-134.2315,manta,333,U16.27.A4,0.0021,,green,line,LDPE
SEAPLEX-0908NH,U16,104,"2009-08-07 14:05:00",32.1206,-134.2315,manta,333,U16.27.A7,0.0012,,grey,line,LDPE
SEAPLEX-0908NH,U16,104,"2009-08-07 14:05:00",32.1206,-134.2315,manta,333,U16.27.B11,0.0003,,white,fragment,LDPE
SEAPLEX-0908NH,U16,104,"2009-08-07 14:05:00",32.1206,-134.2315,manta,333,U16.27.B8,0.0024,,white,fragment,LDPE
SEAPLEX-0908NH,U16,104,"2009-08-07 14:05:00",32.1206,-134.2315,manta,333,U16.27.C10,0.0004,,brown,fragment,LDPE
SEAPLEX-0908NH,U16,104,"2009-08-07 14:05:00",32.1206,-134.2315,manta,333,U16.27.C12,,NA,white,fragment,LDPE
SEAPLEX-0908NH,U16,104,"2009-08-07 14:05:00",32.1206,-134.2315,manta,333,U16.27.C5,,NA,white,fragment,LDPE
SEAPLEX-0908NH,U16,104,"2009-08-07 14:05:00",32.1206,-134.2315,manta,333,U16.27.C6,0.0003,,white,fragment,LDPE
SEAPLEX-0908NH,U16,104,"2009-08-07 14:05:00",32.1206,-134.2315,manta,333,U16.27.D1,,NA,white,fragment,LDPE
SEAPLEX-0908NH,U16,104,"2009-08-07 14:05:00",32.1206,-134.2315,manta,333,U16.27.D10,,NA,white,fragment,LDPE
SEAPLEX-0908NH,U16,104,"2009-08-07 14:05:00",32.1206,-134.2315,manta,333,U16.27.D11,0.0005,,white,fragment,LDPE
SEAPLEX-0908NH,U16,104,"2009-08-07 14:05:00",32.1206,-134.2315,manta,333,U16.27.D4,,NA,white,fragment,LDPE
SEAPLEX-0908NH,U16,104,"2009-08-07 14:05:00",32.1206,-134.2315,manta,333,U16.27.D7,,NA,white,fragment,LDPE
SEAPLEX-0908NH,U16,104,"2009-08-07 14:05:00",32.1206,-134.2315,manta,333,U16.27.D8,,NA,white,fragment,LDPE
SEAPLEX-0908NH,U16,104,"2009-08-07 14:05:00",32.1206,-134.2315,manta,333,U16.27.D9,,NA,white,fragment,LDPE
SEAPLEX-0908NH,U16,104,"2009-08-07 14:05:00",32.1206,-134.2315,manta,333,U16.27.E1,,NA,white,fragment,LDPE
SEAPLEX-0908NH,U16,104,"2009-08-07 14:05:00",32.1206,-134.2315,manta,333,U16.27.E2,,NA,white,fragment,LDPE
SEAPLEX-0908NH,U16,104,"2009-08-07 14:05:00",32.1206,-134.2315,manta,333,U16.27.E3,,NA,brown,fragment,LDPE
SEAPLEX-0908NH,U16,104,"2009-08-07 14:05:00",32.1206,-134.2315,manta,333,U16.27.E5,0.0002,,white,fragment,LDPE
SEAPLEX-0908NH,U16,104,"2009-08-07 14:05:00",32.1206,-134.2315,manta,333,U16.27.E6,0.0004,,black,fragment,LDPE
SEAPLEX-0908NH,U16,104,"2009-08-07 14:05:00",32.1206,-134.2315,manta,333,U16.27.A8,0.0007,,grey,line,PE
SEAPLEX-0908NH,U16,104,"2009-08-07 14:05:00",32.1206,-134.2315,manta,333,U16.27.B2,0.0050,,green,line,PE
SEAPLEX-0908NH,U16,104,"2009-08-07 14:05:00",32.1206,-134.2315,manta,333,U16.27.B5,0.0001,,white,line,PE
SEAPLEX-0908NH,U16,104,"2009-08-07 14:05:00",32.1206,-134.2315,manta,333,U16.27.C7,0.0004,,brown,fragment,PE
SEAPLEX-0908NH,U16,104,"2009-08-07 14:05:00",32.1206,-134.2315,manta,333,U16.27.A5,0.0007,,white,line,PP
SEAPLEX-0908NH,U16,104,"2009-08-07 14:05:00",32.1206,-134.2315,manta,333,U16.27.A9,0.0003,,black,line,PP
SEAPLEX-0908NH,U16,104,"2009-08-07 14:05:00",32.1206,-134.2315,manta,333,U16.27.B3,0.0004,,white,line,PP
SEAPLEX-0908NH,U16,104,"2009-08-07 14:05:00",32.1206,-134.2315,manta,333,U16.27.B7,,NA,white,line,PP
SEAPLEX-0908NH,U16,104,"2009-08-07 14:05:00",32.1206,-134.2315,manta,333,U16.27.C1,,NA,white,fragment,PP
SEAPLEX-0908NH,U16,104,"2009-08-07 14:05:00",32.1206,-134.2315,manta,333,U16.27.C2,,NA,white,fragment,PP
SEAPLEX-0908NH,U16,104,"2009-08-07 14:05:00",32.1206,-134.2315,manta,333,U16.27.C4,,NA,white,fragment,PP
SEAPLEX-0908NH,U16,104,"2009-08-07 14:05:00",32.1206,-134.2315,manta,333,U16.27.C8,,NA,white,fragment,PP
SEAPLEX-0908NH,U16,104,"2009-08-07 14:05:00",32.1206,-134.2315,manta,333,U16.27.C9,,NA,white,fragment,PP
SEAPLEX-0908NH,U16,104,"2009-08-07 14:05:00",32.1206,-134.2315,manta,333,U16.27.D12,,NA,clear,film,PS
SEAPLEX-0908NH,U16,104,"2009-08-07 14:05:00",32.1206,-134.2315,manta,333,U16.27.B12,0.0004,,white,fragment,NA
SEAPLEX-0908NH,U2,6,"2009-08-02 20:10:00",32.4783,-119.1433,manta,333,U2.2.G1,0.0004,,white,line,PP
SEAPLEX-0908NH,U2,6,"2009-08-02 20:10:00",32.4783,-119.1433,manta,333,U2.2.G10,,NA,white,line,PP
SEAPLEX-0908NH,U2,6,"2009-08-02 20:10:00",32.4783,-119.1433,manta,333,U2.2.G2,0.0000,,white,line,PP
SEAPLEX-0908NH,U2,6,"2009-08-02 20:10:00",32.4783,-119.1433,manta,333,U2.2.G3,,NA,white,line,PP
SEAPLEX-0908NH,U2,6,"2009-08-02 20:10:00",32.4783,-119.1433,manta,333,U2.2.G4,,NA,white,line,PP
SEAPLEX-0908NH,U2,6,"2009-08-02 20:10:00",32.4783,-119.1433,manta,333,U2.2.G5,,NA,white,line,PP
SEAPLEX-0908NH,U2,6,"2009-08-02 20:10:00",32.4783,-119.1433,manta,333,U2.2.G6,,NA,white,line,PP
SEAPLEX-0908NH,U2,6,"2009-08-02 20:10:00",32.4783,-119.1433,manta,333,U2.2.G7,,NA,white,line,PP
SEAPLEX-0908NH,U2,6,"2009-08-02 20:10:00",32.4783,-119.1433,manta,333,U2.2.G8,,NA,white,fragment,PP
SEAPLEX-0908NH,U2,6,"2009-08-02 20:10:00",32.4783,-119.1433,manta,333,U2.2.G9,,NA,white,line,PP
SEAPLEX-0908NH,U22,176,"2009-08-09 17:03:00",32.0291,-138.5077,manta,333,U22.45.D10,0.0010,,fragment,fragment,HDPE
SEAPLEX-0908NH,U22,176,"2009-08-09 17:03:00",32.0291,-138.5077,manta,333,U22.45.D11,0.0010,,white,fragment,HDPE
SEAPLEX-0908NH,U22,176,"2009-08-09 17:03:00",32.0291,-138.5077,manta,333,U22.45.D6,0.0068,,white,fragment,HDPE
SEAPLEX-0908NH,U22,176,"2009-08-09 17:03:00",32.0291,-138.5077,manta,333,U22.45.D7,0.0031,,clear,fragment,HDPE
SEAPLEX-0908NH,U22,176,"2009-08-09 17:03:00",32.0291,-138.5077,manta,333,U22.45.D9,0.0030,,white,fragment,HDPE
SEAPLEX-0908NH,U22,176,"2009-08-09 17:03:00",32.0291,-138.5077,manta,333,U22.45.E4,0.0004,,white,fragment,HDPE
SEAPLEX-0908NH,U22,176,"2009-08-09 17:03:00",32.0291,-138.5077,manta,333,U22.45.D1,0.0199,,white,nurdle,LDPE
SEAPLEX-0908NH,U22,176,"2009-08-09 17:03:00",32.0291,-138.5077,manta,333,U22.45.D12,0.0012,,green,fragment,LDPE
SEAPLEX-0908NH,U22,176,"2009-08-09 17:03:00",32.0291,-138.5077,manta,333,U22.45.D2,0.0152,,white,fragment,LDPE
SEAPLEX-0908NH,U22,176,"2009-08-09 17:03:00",32.0291,-138.5077,manta,333,U22.45.D3,0.0050,,white,fragment,LDPE
SEAPLEX-0908NH,U22,176,"2009-08-09 17:03:00",32.0291,-138.5077,manta,333,U22.45.D4,0.0029,,white,fragment,LDPE
SEAPLEX-0908NH,U22,176,"2009-08-09 17:03:00",32.0291,-138.5077,manta,333,U22.45.D5,0.0217,,green,fragment,LDPE
SEAPLEX-0908NH,U22,176,"2009-08-09 17:03:00",32.0291,-138.5077,manta,333,U22.45.E1,0.0007,,white,fragment,LDPE
SEAPLEX-0908NH,U22,176,"2009-08-09 17:03:00",32.0291,-138.5077,manta,333,U22.45.E2,0.0012,,grey,fragment,LDPE
SEAPLEX-0908NH,U22,176,"2009-08-09 17:03:00",32.0291,-138.5077,manta,333,U22.45.E5,0.0001,,black,fragment,LDPE
SEAPLEX-0908NH,U22,176,"2009-08-09 17:03:00",32.0291,-138.5077,manta,333,U22.45.E3,0.0007,,white,line,PP
SEAPLEX-0908NH,U22,176,"2009-08-09 17:03:00",32.0291,-138.5077,manta,333,U22.45.D8,0.0159,,white,nurdle,PS
SEAPLEX-0908NH,U3,52,"2009-08-04 08:07:00",32.3786,-121.2014,manta,333,U3.11.A4,0.0002,,red,fragment,HDPE
SEAPLEX-0908NH,U3,52,"2009-08-04 08:07:00",32.3786,-121.2014,manta,333,U3.11.A1,,NA,white,line,PP
SEAPLEX-0908NH,U3,52,"2009-08-04 08:07:00",32.3786,-121.2014,manta,333,U3.11.A5,,NA,white,fragment,PP
SEAPLEX-0908NH,U3,52,"2009-08-04 08:07:00",32.3786,-121.2014,manta,333,U3.11.A6,,NA,white,fragment,PP
SEAPLEX-0908NH,U3,52,"2009-08-04 08:07:00",32.3786,-121.2014,manta,333,U3.11.A2,0.0003,,white,line,PS
SEAPLEX-0908NH,U3,52,"2009-08-04 08:07:00",32.3786,-121.2014,manta,333,U3.11.A7,0.0000,,white,film,PS
SEAPLEX-0908NH,U30,253,"2009-08-11 23:07:00",33.7281,-139.7718,manta,333,U30.65.F2,0.0008,,black,line,HDPE
SEAPLEX-0908NH,U30,253,"2009-08-11 23:07:00",33.7281,-139.7718,manta,333,U30.65.F4,0.0010,,white,line,HDPE
SEAPLEX-0908NH,U30,253,"2009-08-11 23:07:00",33.7281,-139.7718,manta,333,U30.65.F8,0.0009,,purple,fragment,HDPE
SEAPLEX-0908NH,U30,253,"2009-08-11 23:07:00",33.7281,-139.7718,manta,333,U30.65.G1,,NA,white,fragment,HDPE
SEAPLEX-0908NH,U30,253,"2009-08-11 23:07:00",33.7281,-139.7718,manta,333,U30.65.G12,,NA,white,fragment,HDPE
SEAPLEX-0908NH,U30,253,"2009-08-11 23:07:00",33.7281,-139.7718,manta,333,U30.65.G3,,NA,white,fragment,HDPE
SEAPLEX-0908NH,U30,253,"2009-08-11 23:07:00",33.7281,-139.7718,manta,333,U30.65.G4,,NA,white,fragment,HDPE
SEAPLEX-0908NH,U30,253,"2009-08-11 23:07:00",33.7281,-139.7718,manta,333,U30.65.G5,,NA,white,fragment,HDPE
SEAPLEX-0908NH,U30,253,"2009-08-11 23:07:00",33.7281,-139.7718,manta,333,U30.65.G6,0.0017,,white,fragment,HDPE
SEAPLEX-0908NH,U30,253,"2009-08-11 23:07:00",33.7281,-139.7718,manta,333,U30.65.G7,,NA,white,fragment,HDPE
SEAPLEX-0908NH,U30,253,"2009-08-11 23:07:00",33.7281,-139.7718,manta,333,U30.65.G8,,NA,white,fragment,HDPE
SEAPLEX-0908NH,U30,253,"2009-08-11 23:07:00",33.7281,-139.7718,manta,333,U30.65.H1,0.0014,,white,fragment,HDPE
SEAPLEX-0908NH,U30,253,"2009-08-11 23:07:00",33.7281,-139.7718,manta,333,U30.65.H12,,NA,grey,line,HDPE
SEAPLEX-0908NH,U30,253,"2009-08-11 23:07:00",33.7281,-139.7718,manta,333,U30.65.H3,0.0008,,white,fragment,HDPE
SEAPLEX-0908NH,U30,253,"2009-08-11 23:07:00",33.7281,-139.7718,manta,333,U30.65.H4,,NA,white,line,HDPE
SEAPLEX-0908NH,U30,253,"2009-08-11 23:07:00",33.7281,-139.7718,manta,333,U30.65.H5,0.0007,,white,fragment,HDPE
SEAPLEX-0908NH,U30,253,"2009-08-11 23:07:00",33.7281,-139.7718,manta,333,U30.65.H7,,NA,white,fragment,HDPE
SEAPLEX-0908NH,U30,253,"2009-08-11 23:07:00",33.7281,-139.7718,manta,333,U30.65.F7,0.0013,,white,fragment,LDPE
SEAPLEX-0908NH,U30,253,"2009-08-11 23:07:00",33.7281,-139.7718,manta,333,U30.65.G11,,NA,white,fragment,LDPE
SEAPLEX-0908NH,U30,253,"2009-08-11 23:07:00",33.7281,-139.7718,manta,333,U30.65.F9,0.0166,,white,fragment,PE
SEAPLEX-0908NH,U30,253,"2009-08-11 23:07:00",33.7281,-139.7718,manta,333,U30.65.G10,,NA,white,fragment,PE
SEAPLEX-0908NH,U30,253,"2009-08-11 23:07:00",33.7281,-139.7718,manta,333,U30.65.G9,,NA,white,fragment,PE
SEAPLEX-0908NH,U30,253,"2009-08-11 23:07:00",33.7281,-139.7718,manta,333,U30.65.H10,,NA,grey,line,PE
SEAPLEX-0908NH,U30,253,"2009-08-11 23:07:00",33.7281,-139.7718,manta,333,U30.65.H11,,NA,white,fragment,PE
SEAPLEX-0908NH,U30,253,"2009-08-11 23:07:00",33.7281,-139.7718,manta,333,U30.65.H9,0.0004,,grey,line,PE
SEAPLEX-0908NH,U30,253,"2009-08-11 23:07:00",33.7281,-139.7718,manta,333,U30.65.F10,0.0008,,white,line,PP
SEAPLEX-0908NH,U30,253,"2009-08-11 23:07:00",33.7281,-139.7718,manta,333,U30.65.F12,0.0015,,clear,film,PP
SEAPLEX-0908NH,U30,253,"2009-08-11 23:07:00",33.7281,-139.7718,manta,333,U30.65.F5,0.0019,,white,fragment,PP
SEAPLEX-0908NH,U30,253,"2009-08-11 23:07:00",33.7281,-139.7718,manta,333,U30.65.G2,0.0066,,white,fragment,PP
SEAPLEX-0908NH,U30,253,"2009-08-11 23:07:00",33.7281,-139.7718,manta,333,U30.65.H8,0.0004,,yellow,fragment,PP
SEAPLEX-0908NH,U30,253,"2009-08-11 23:07:00",33.7281,-139.7718,manta,333,U30.65.F1,0.0073,,white,fragment,PS
SEAPLEX-0908NH,U30,253,"2009-08-11 23:07:00",33.7281,-139.7718,manta,333,U30.65.F11,0.0035,,white,line,PS
SEAPLEX-0908NH,U30,253,"2009-08-11 23:07:00",33.7281,-139.7718,manta,333,U30.65.F3,0.0006,,grey,line,PS
SEAPLEX-0908NH,U30,253,"2009-08-11 23:07:00",33.7281,-139.7718,manta,333,U30.65.F6,0.0033,,white,fragment,PS
SEAPLEX-0908NH,U34,263,"2009-08-12 11:04:00",35.2285,-139.9236,manta,333,U34.69.A1,0.1728,,green,fragment,HDPE
SEAPLEX-0908NH,U34,263,"2009-08-12 11:04:00",35.2285,-139.9236,manta,333,U34.69.A2,0.0129,,green,fragment,HDPE
SEAPLEX-0908NH,U34,263,"2009-08-12 11:04:00",35.2285,-139.9236,manta,333,U34.69.A4,0.0020,,white,fragment,HDPE
SEAPLEX-0908NH,U34,263,"2009-08-12 11:04:00",35.2285,-139.9236,manta,333,U34.69.AA2,,NA,white,fragment,HDPE
SEAPLEX-0908NH,U34,263,"2009-08-12 11:04:00",35.2285,-139.9236,manta,333,U34.69.B3,0.0135,,white,fragment,HDPE
SEAPLEX-0908NH,U34,263,"2009-08-12 11:04:00",35.2285,-139.9236,manta,333,U34.69.BB3,,NA,white,fragment,HDPE
SEAPLEX-0908NH,U34,263,"2009-08-12 11:04:00",35.2285,-139.9236,manta,333,U34.69.BB4,,NA,yellow,nurdle,HDPE
SEAPLEX-0908NH,U34,263,"2009-08-12 11:04:00",35.2285,-139.9236,manta,333,U34.69.C2,0.0258,,red,fragment,HDPE
SEAPLEX-0908NH,U34,263,"2009-08-12 11:04:00",35.2285,-139.9236,manta,333,U34.69.C4,0.0037,,white,fragment,HDPE
SEAPLEX-0908NH,U34,263,"2009-08-12 11:04:00",35.2285,-139.9236,manta,333,U34.69.D1,0.0010,,white,fragment,HDPE
SEAPLEX-0908NH,U34,263,"2009-08-12 11:04:00",35.2285,-139.9236,manta,333,U34.69.D2,0.0005,,white,fragment,HDPE
SEAPLEX-0908NH,U34,263,"2009-08-12 11:04:00",35.2285,-139.9236,manta,333,U34.69.D3,0.0018,,white,fragment,HDPE
SEAPLEX-0908NH,U34,263,"2009-08-12 11:04:00",35.2285,-139.9236,manta,333,U34.69.A5,0.0189,,white,fragment,LDPE
SEAPLEX-0908NH,U34,263,"2009-08-12 11:04:00",35.2285,-139.9236,manta,333,U34.69.AA1,,NA,white,fragment,LDPE
SEAPLEX-0908NH,U34,263,"2009-08-12 11:04:00",35.2285,-139.9236,manta,333,U34.69.AA3,,NA,blue,fragment,LDPE
SEAPLEX-0908NH,U34,263,"2009-08-12 11:04:00",35.2285,-139.9236,manta,333,U34.69.AA4,,NA,white,fragment,LDPE
SEAPLEX-0908NH,U34,263,"2009-08-12 11:04:00",35.2285,-139.9236,manta,333,U34.69.B4,0.0109,,white,fragment,LDPE
SEAPLEX-0908NH,U34,263,"2009-08-12 11:04:00",35.2285,-139.9236,manta,333,U34.69.B5,0.0083,,white,fragment,LDPE
SEAPLEX-0908NH,U34,263,"2009-08-12 11:04:00",35.2285,-139.9236,manta,333,U34.69.BB1,,NA,white,fragment,LDPE
SEAPLEX-0908NH,U34,263,"2009-08-12 11:04:00",35.2285,-139.9236,manta,333,U34.69.C3,0.0025,,green,fragment,LDPE
SEAPLEX-0908NH,U34,263,"2009-08-12 11:04:00",35.2285,-139.9236,manta,333,U34.69.C5,0.0034,,blue,fragment,LDPE
SEAPLEX-0908NH,U34,263,"2009-08-12 11:04:00",35.2285,-139.9236,manta,333,U34.69.C6,0.0004,,white,line,LDPE
SEAPLEX-0908NH,U34,263,"2009-08-12 11:04:00",35.2285,-139.9236,manta,333,U34.69.D4,0.0009,,white,fragment,LDPE
SEAPLEX-0908NH,U34,263,"2009-08-12 11:04:00",35.2285,-139.9236,manta,333,U34.69.D5,0.0008,,white,fragment,LDPE
SEAPLEX-0908NH,U34,263,"2009-08-12 11:04:00",35.2285,-139.9236,manta,333,U34.69.A3,0.0031,,white,fragment,PP
SEAPLEX-0908NH,U34,263,"2009-08-12 11:04:00",35.2285,-139.9236,manta,333,U34.69.A6,0.0146,,white,fragment,PP
SEAPLEX-0908NH,U34,263,"2009-08-12 11:04:00",35.2285,-139.9236,manta,333,U34.69.AA5,,NA,white,fragment,PP
SEAPLEX-0908NH,U34,263,"2009-08-12 11:04:00",35.2285,-139.9236,manta,333,U34.69.AA6,0.0014,,white,fragment,PP
SEAPLEX-0908NH,U34,263,"2009-08-12 11:04:00",35.2285,-139.9236,manta,333,U34.69.B1,0.0485,,white,fragment,PP
SEAPLEX-0908NH,U34,263,"2009-08-12 11:04:00",35.2285,-139.9236,manta,333,U34.69.B2,0.0216,,white,fragment,PP
SEAPLEX-0908NH,U34,263,"2009-08-12 11:04:00",35.2285,-139.9236,manta,333,U34.69.B6,0.0035,,white,fragment,PP
SEAPLEX-0908NH,U34,263,"2009-08-12 11:04:00",35.2285,-139.9236,manta,333,U34.69.BB2,,NA,black,fragment,PP
SEAPLEX-0908NH,U34,263,"2009-08-12 11:04:00",35.2285,-139.9236,manta,333,U34.69.BB5,,NA,white,fragment,PP
SEAPLEX-0908NH,U34,263,"2009-08-12 11:04:00",35.2285,-139.9236,manta,333,U34.69.C1,0.0864,,white,fragment,PP
SEAPLEX-0908NH,U34,263,"2009-08-12 11:04:00",35.2285,-139.9236,manta,333,U34.69.CC1,,NA,white,fragment,PS
SEAPLEX-0908NH,U34,263,"2009-08-12 11:04:00",35.2285,-139.9236,manta,333,U34.69.D6,,NA,white,fragment,PS
SEAPLEX-0908NH,U40,414,"2009-08-16 22:00:00",35.016,-141.7381,manta,333,U40.121.B2,0.0103,,white,fragment,HDPE
SEAPLEX-0908NH,U40,414,"2009-08-16 22:00:00",35.016,-141.7381,manta,333,U40.121.B4,0.0055,,blue,fragment,HDPE
SEAPLEX-0908NH,U40,414,"2009-08-16 22:00:00",35.016,-141.7381,manta,333,U40.121.B9,0.0015,,white,fragment,HDPE
SEAPLEX-0908NH,U40,414,"2009-08-16 22:00:00",35.016,-141.7381,manta,333,U40.121.C1,0.0010,,white,fragment,HDPE
SEAPLEX-0908NH,U40,414,"2009-08-16 22:00:00",35.016,-141.7381,manta,333,U40.121.C10,,NA,white,fragment,HDPE
SEAPLEX-0908NH,U40,414,"2009-08-16 22:00:00",35.016,-141.7381,manta,333,U40.121.C11,0.0005,,white,fragment,HDPE
SEAPLEX-0908NH,U40,414,"2009-08-16 22:00:00",35.016,-141.7381,manta,333,U40.121.C2,0.0006,,white,fragment,HDPE
SEAPLEX-0908NH,U40,414,"2009-08-16 22:00:00",35.016,-141.7381,manta,333,U40.121.C3,,NA,white,fragment,HDPE
SEAPLEX-0908NH,U40,414,"2009-08-16 22:00:00",35.016,-141.7381,manta,333,U40.121.C4,,NA,white,fragment,HDPE
SEAPLEX-0908NH,U40,414,"2009-08-16 22:00:00",35.016,-141.7381,manta,333,U40.121.C6,0.0008,,white,fragment,HDPE
SEAPLEX-0908NH,U40,414,"2009-08-16 22:00:00",35.016,-141.7381,manta,333,U40.121.D1,,NA,white,fragment,HDPE
SEAPLEX-0908NH,U40,414,"2009-08-16 22:00:00",35.016,-141.7381,manta,333,U40.121.D10,,NA,white,fragment,HDPE
SEAPLEX-0908NH,U40,414,"2009-08-16 22:00:00",35.016,-141.7381,manta,333,U40.121.D11,,NA,white,line,HDPE
SEAPLEX-0908NH,U40,414,"2009-08-16 22:00:00",35.016,-141.7381,manta,333,U40.121.D2,,NA,white,fragment,HDPE
SEAPLEX-0908NH,U40,414,"2009-08-16 22:00:00",35.016,-141.7381,manta,333,U40.121.D3,0.0005,,clear,fragment,HDPE
SEAPLEX-0908NH,U40,414,"2009-08-16 22:00:00",35.016,-141.7381,manta,333,U40.121.E3,0.0006,,white,fragment,HDPE
SEAPLEX-0908NH,U40,414,"2009-08-16 22:00:00",35.016,-141.7381,manta,333,U40.121.B1,0.1025,,yellow,fragment,LDPE
SEAPLEX-0908NH,U40,414,"2009-08-16 22:00:00",35.016,-141.7381,manta,333,U40.121.B10,0.0012,,green,fragment,LDPE
SEAPLEX-0908NH,U40,414,"2009-08-16 22:00:00",35.016,-141.7381,manta,333,U40.121.B11,0.0009,,white,fragment,LDPE
SEAPLEX-0908NH,U40,414,"2009-08-16 22:00:00",35.016,-141.7381,manta,333,U40.121.B12,0.0004,,red,fragment,LDPE
SEAPLEX-0908NH,U40,414,"2009-08-16 22:00:00",35.016,-141.7381,manta,333,U40.121.B5,0.0056,,black,fragment,LDPE
SEAPLEX-0908NH,U40,414,"2009-08-16 22:00:00",35.016,-141.7381,manta,333,U40.121.B7,0.0008,,white,fragment,LDPE
SEAPLEX-0908NH,U40,414,"2009-08-16 22:00:00",35.016,-141.7381,manta,333,U40.121.B8,0.0012,,white,fragment,LDPE
SEAPLEX-0908NH,U40,414,"2009-08-16 22:00:00",35.016,-141.7381,manta,333,U40.121.C5,,NA,white,fragment,LDPE
SEAPLEX-0908NH,U40,414,"2009-08-16 22:00:00",35.016,-141.7381,manta,333,U40.121.C7,0.0007,,white,fragment,LDPE
SEAPLEX-0908NH,U40,414,"2009-08-16 22:00:00",35.016,-141.7381,manta,333,U40.121.C8,,NA,white,fragment,LDPE
SEAPLEX-0908NH,U40,414,"2009-08-16 22:00:00",35.016,-141.7381,manta,333,U40.121.D4,0.0006,,white,film,LDPE
SEAPLEX-0908NH,U40,414,"2009-08-16 22:00:00",35.016,-141.7381,manta,333,U40.121.D5,,NA,blue,fragment,LDPE
SEAPLEX-0908NH,U40,414,"2009-08-16 22:00:00",35.016,-141.7381,manta,333,U40.121.D6,,NA,white,fragment,LDPE
SEAPLEX-0908NH,U40,414,"2009-08-16 22:00:00",35.016,-141.7381,manta,333,U40.121.D9,,NA,blue,fragment,LDPE
SEAPLEX-0908NH,U40,414,"2009-08-16 22:00:00",35.016,-141.7381,manta,333,U40.121.E1,0.0004,,white,fragment,LDPE
SEAPLEX-0908NH,U40,414,"2009-08-16 22:00:00",35.016,-141.7381,manta,333,U40.121.E2,,NA,black,fragment,LDPE
SEAPLEX-0908NH,U40,414,"2009-08-16 22:00:00",35.016,-141.7381,manta,333,U40.121.E5,0.0003,,white,fragment,LDPE
SEAPLEX-0908NH,U40,414,"2009-08-16 22:00:00",35.016,-141.7381,manta,333,U40.121.E6,,NA,white,fragment,LDPE
SEAPLEX-0908NH,U40,414,"2009-08-16 22:00:00",35.016,-141.7381,manta,333,U40.121.E7,0.0002,,white,fragment,LDPE
SEAPLEX-0908NH,U40,414,"2009-08-16 22:00:00",35.016,-141.7381,manta,333,U40.121.B3,0.0041,,black,fragment,PP
SEAPLEX-0908NH,U40,414,"2009-08-16 22:00:00",35.016,-141.7381,manta,333,U40.121.B6,,NA,white,line,PP
SEAPLEX-0908NH,U40,414,"2009-08-16 22:00:00",35.016,-141.7381,manta,333,U40.121.D12,,NA,white,fragment,PP
SEAPLEX-0908NH,U40,414,"2009-08-16 22:00:00",35.016,-141.7381,manta,333,U40.121.D7,,NA,white,fragment,PP
SEAPLEX-0908NH,U40,414,"2009-08-16 22:00:00",35.016,-141.7381,manta,333,U40.121.D8,,NA,white,fragment,PP
SEAPLEX-0908NH,U40,414,"2009-08-16 22:00:00",35.016,-141.7381,manta,333,U40.121.E4,,NA,white,fragment,PS
SEAPLEX-0908NH,U42,422,"2009-08-16 14:01:00",36.6123,-141.197,manta,333,U42.123.E11,,NA,white,fragment,HDPE
SEAPLEX-0908NH,U42,422,"2009-08-16 14:01:00",36.6123,-141.197,manta,333,U42.123.E12,,NA,white,fragment,HDPE
SEAPLEX-0908NH,U42,422,"2009-08-16 14:01:00",36.6123,-141.197,manta,333,U42.123.E9,,NA,white,fragment,HDPE
SEAPLEX-0908NH,U42,422,"2009-08-16 14:01:00",36.6123,-141.197,manta,333,U42.123.F1,,NA,white,fragment,HDPE
SEAPLEX-0908NH,U42,422,"2009-08-16 14:01:00",36.6123,-141.197,manta,333,U42.123.F10,,NA,grey,line,HDPE
SEAPLEX-0908NH,U42,422,"2009-08-16 14:01:00",36.6123,-141.197,manta,333,U42.123.F12,,NA,white,fragment,HDPE
SEAPLEX-0908NH,U42,422,"2009-08-16 14:01:00",36.6123,-141.197,manta,333,U42.123.F8,,NA,white,fragment,HDPE
SEAPLEX-0908NH,U42,422,"2009-08-16 14:01:00",36.6123,-141.197,manta,333,U42.123.G6,,NA,grey,line,HDPE
SEAPLEX-0908NH,U42,422,"2009-08-16 14:01:00",36.6123,-141.197,manta,333,U42.123.E10,,NA,white,fragment,LDPE
SEAPLEX-0908NH,U42,422,"2009-08-16 14:01:00",36.6123,-141.197,manta,333,U42.123.E2,,NA,white,line,LDPE
SEAPLEX-0908NH,U42,422,"2009-08-16 14:01:00",36.6123,-141.197,manta,333,U42.123.E3,0.0040,,white,nurdle,LDPE
SEAPLEX-0908NH,U42,422,"2009-08-16 14:01:00",36.6123,-141.197,manta,333,U42.123.E4,,NA,white,fragment,LDPE
SEAPLEX-0908NH,U42,422,"2009-08-16 14:01:00",36.6123,-141.197,manta,333,U42.123.E5,,NA,white,fragment,LDPE
SEAPLEX-0908NH,U42,422,"2009-08-16 14:01:00",36.6123,-141.197,manta,333,U42.123.E6,,NA,black,fragment,LDPE
SEAPLEX-0908NH,U42,422,"2009-08-16 14:01:00",36.6123,-141.197,manta,333,U42.123.E8,0.0005,,white,fragment,LDPE
SEAPLEX-0908NH,U42,422,"2009-08-16 14:01:00",36.6123,-141.197,manta,333,U42.123.F11,,NA,white,fragment,LDPE
SEAPLEX-0908NH,U42,422,"2009-08-16 14:01:00",36.6123,-141.197,manta,333,U42.123.F3,,NA,white,fragment,LDPE
SEAPLEX-0908NH,U42,422,"2009-08-16 14:01:00",36.6123,-141.197,manta,333,U42.123.F4,0.0002,,grey,line,LDPE
SEAPLEX-0908NH,U42,422,"2009-08-16 14:01:00",36.6123,-141.197,manta,333,U42.123.F6,,NA,white,fragment,LDPE
SEAPLEX-0908NH,U42,422,"2009-08-16 14:01:00",36.6123,-141.197,manta,333,U42.123.F7,,NA,white,fragment,LDPE
SEAPLEX-0908NH,U42,422,"2009-08-16 14:01:00",36.6123,-141.197,manta,333,U42.123.F9,0.0004,,white,fragment,LDPE
SEAPLEX-0908NH,U42,422,"2009-08-16 14:01:00",36.6123,-141.197,manta,333,U42.123.G10,0.0002,,grey,fragment,LDPE
SEAPLEX-0908NH,U42,422,"2009-08-16 14:01:00",36.6123,-141.197,manta,333,U42.123.G2,0.0002,,white,fragment,LDPE
SEAPLEX-0908NH,U42,422,"2009-08-16 14:01:00",36.6123,-141.197,manta,333,U42.123.G3,,NA,clear,fragment,LDPE
SEAPLEX-0908NH,U42,422,"2009-08-16 14:01:00",36.6123,-141.197,manta,333,U42.123.G4,,NA,clear,fragment,LDPE
SEAPLEX-0908NH,U42,422,"2009-08-16 14:01:00",36.6123,-141.197,manta,333,U42.123.G5,0.0004,,grey,fragment,LDPE
SEAPLEX-0908NH,U42,422,"2009-08-16 14:01:00",36.6123,-141.197,manta,333,U42.123.G7,,NA,white,fragment,LDPE
SEAPLEX-0908NH,U42,422,"2009-08-16 14:01:00",36.6123,-141.197,manta,333,U42.123.G8,,NA,clear,fragment,LDPE
SEAPLEX-0908NH,U42,422,"2009-08-16 14:01:00",36.6123,-141.197,manta,333,U42.123.G9,0.0003,,white,fragment,LDPE
SEAPLEX-0908NH,U42,422,"2009-08-16 14:01:00",36.6123,-141.197,manta,333,U42.123.F2,,NA,white,fragment,PE
SEAPLEX-0908NH,U42,422,"2009-08-16 14:01:00",36.6123,-141.197,manta,333,U42.123.E1,0.0007,,green,line,PP
SEAPLEX-0908NH,U42,422,"2009-08-16 14:01:00",36.6123,-141.197,manta,333,U42.123.E7,,NA,blue,fragment,PP
SEAPLEX-0908NH,U42,422,"2009-08-16 14:01:00",36.6123,-141.197,manta,333,U42.123.F5,0.0002,,grey,fragment,PP
SEAPLEX-0908NH,U42,422,"2009-08-16 14:01:00",36.6123,-141.197,manta,333,U42.123.G1,0.0004,,white,fragment,PP
SEAPLEX-0908NH,U45,430,"2009-08-17 01:59:00",37.7359,-139.7674,manta,333,U45.126.A1,0.0319,,white,fragment,HDPE
SEAPLEX-0908NH,U45,430,"2009-08-17 01:59:00",37.7359,-139.7674,manta,333,U45.126.A2,0.0055,,white,fragment,HDPE
SEAPLEX-0908NH,U45,430,"2009-08-17 01:59:00",37.7359,-139.7674,manta,333,U45.126.A6,0.0251,,white,fragment,HDPE
SEAPLEX-0908NH,U45,430,"2009-08-17 01:59:00",37.7359,-139.7674,manta,333,U45.126.A7,0.0124,,white,fragment,HDPE
SEAPLEX-0908NH,U45,430,"2009-08-17 01:59:00",37.7359,-139.7674,manta,333,U45.126.A8,,NA,white,fragment,HDPE
SEAPLEX-0908NH,U45,430,"2009-08-17 01:59:00",37.7359,-139.7674,manta,333,U45.126.B4,0.0017,,white,fragment,HDPE
SEAPLEX-0908NH,U45,430,"2009-08-17 01:59:00",37.7359,-139.7674,manta,333,U45.126.B7,0.0017,,white,fragment,HDPE
SEAPLEX-0908NH,U45,430,"2009-08-17 01:59:00",37.7359,-139.7674,manta,333,U45.126.C9,,NA,white,fragment,HDPE
SEAPLEX-0908NH,U45,430,"2009-08-17 01:59:00",37.7359,-139.7674,manta,333,U45.126.A10,0.0028,,white,fragment,LDPE
SEAPLEX-0908NH,U45,430,"2009-08-17 01:59:00",37.7359,-139.7674,manta,333,U45.126.A11,,NA,white,fragment,LDPE
SEAPLEX-0908NH,U45,430,"2009-08-17 01:59:00",37.7359,-139.7674,manta,333,U45.126.A3,0.0107,,white,fragment,LDPE
SEAPLEX-0908NH,U45,430,"2009-08-17 01:59:00",37.7359,-139.7674,manta,333,U45.126.B12,0.0013,,clear,film,LDPE
SEAPLEX-0908NH,U45,430,"2009-08-17 01:59:00",37.7359,-139.7674,manta,333,U45.126.B2,0.0163,,white,fragment,LDPE
SEAPLEX-0908NH,U45,430,"2009-08-17 01:59:00",37.7359,-139.7674,manta,333,U45.126.B3,0.0010,,white,fragment,LDPE
SEAPLEX-0908NH,U45,430,"2009-08-17 01:59:00",37.7359,-139.7674,manta,333,U45.126.B5,0.0035,,blue,fragment,LDPE
SEAPLEX-0908NH,U45,430,"2009-08-17 01:59:00",37.7359,-139.7674,manta,333,U45.126.B6,,NA,blue,fragment,LDPE
SEAPLEX-0908NH,U45,430,"2009-08-17 01:59:00",37.7359,-139.7674,manta,333,U45.126.B8,0.0020,,black,film,LDPE
SEAPLEX-0908NH,U45,430,"2009-08-17 01:59:00",37.7359,-139.7674,manta,333,U45.126.B9,,NA,blue,fragment,LDPE
SEAPLEX-0908NH,U45,430,"2009-08-17 01:59:00",37.7359,-139.7674,manta,333,U45.126.C1,0.0007,,black,fragment,LDPE
SEAPLEX-0908NH,U45,430,"2009-08-17 01:59:00",37.7359,-139.7674,manta,333,U45.126.C4,0.0013,,black,film,LDPE
SEAPLEX-0908NH,U45,430,"2009-08-17 01:59:00",37.7359,-139.7674,manta,333,U45.126.A12,,NA,white,fragment,PP
SEAPLEX-0908NH,U45,430,"2009-08-17 01:59:00",37.7359,-139.7674,manta,333,U45.126.A4,0.0026,,white,fragment,PP
SEAPLEX-0908NH,U45,430,"2009-08-17 01:59:00",37.7359,-139.7674,manta,333,U45.126.A5,,NA,blue,fragment,PP
SEAPLEX-0908NH,U45,430,"2009-08-17 01:59:00",37.7359,-139.7674,manta,333,U45.126.A9,,NA,white,fragment,PP
SEAPLEX-0908NH,U45,430,"2009-08-17 01:59:00",37.7359,-139.7674,manta,333,U45.126.B1,,NA,white,fragment,PP
SEAPLEX-0908NH,U45,430,"2009-08-17 01:59:00",37.7359,-139.7674,manta,333,U45.126.B10,,NA,white,fragment,PP
SEAPLEX-0908NH,U45,430,"2009-08-17 01:59:00",37.7359,-139.7674,manta,333,U45.126.B11,0.0021,,black,fragment,PP
SEAPLEX-0908NH,U45,430,"2009-08-17 01:59:00",37.7359,-139.7674,manta,333,U45.126.C2,0.0010,,clear,fragment,PP
SEAPLEX-0908NH,U45,430,"2009-08-17 01:59:00",37.7359,-139.7674,manta,333,U45.126.C3,0.0009,,yellow,fragment,PP
SEAPLEX-0908NH,U45,430,"2009-08-17 01:59:00",37.7359,-139.7674,manta,333,U45.126.C6,0.0001,,clear,film,PP
SEAPLEX-0908NH,U45,430,"2009-08-17 01:59:00",37.7359,-139.7674,manta,333,U45.126.C7,,NA,black,fragment,PP
SEAPLEX-0908NH,U45,430,"2009-08-17 01:59:00",37.7359,-139.7674,manta,333,U45.126.C8,0.0010,,white,film,PP
SEAPLEX-0908NH,U45,430,"2009-08-17 01:59:00",37.7359,-139.7674,manta,333,U45.126.C5,,NA,clear,film,PS
SEAPLEX-0908NH,U47,438,"2009-08-17 14:04:00",38.5727,-137.957,manta,333,U77.128.B10,,NA,white,fragment,HDPE
SEAPLEX-0908NH,U47,438,"2009-08-17 14:04:00",38.5727,-137.957,manta,333,U77.128.B12,,NA,white,fragment,HDPE
SEAPLEX-0908NH,U47,438,"2009-08-17 14:04:00",38.5727,-137.957,manta,333,U77.128.C11,0.0006,,white,fragment,HDPE
SEAPLEX-0908NH,U47,438,"2009-08-17 14:04:00",38.5727,-137.957,manta,333,U77.128.B1,0.0029,,yellow,fragment,LDPE
SEAPLEX-0908NH,U47,438,"2009-08-17 14:04:00",38.5727,-137.957,manta,333,U77.128.B3,0.0015,,fragment,film,LDPE
SEAPLEX-0908NH,U47,438,"2009-08-17 14:04:00",38.5727,-137.957,manta,333,U77.128.B4,0.0006,,blue,fragment,LDPE
SEAPLEX-0908NH,U47,438,"2009-08-17 14:04:00",38.5727,-137.957,manta,333,U77.128.B6,0.0023,,white,fragment,LDPE
SEAPLEX-0908NH,U47,438,"2009-08-17 14:04:00",38.5727,-137.957,manta,333,U77.128.B7,0.0001,,black,film,LDPE
SEAPLEX-0908NH,U47,438,"2009-08-17 14:04:00",38.5727,-137.957,manta,333,U77.128.B8,0.0017,,white,fragment,LDPE
SEAPLEX-0908NH,U47,438,"2009-08-17 14:04:00",38.5727,-137.957,manta,333,U77.128.B9,0.0009,,white,fragment,LDPE
SEAPLEX-0908NH,U47,438,"2009-08-17 14:04:00",38.5727,-137.957,manta,333,U77.128.C10,0.0005,,white,fragment,LDPE
SEAPLEX-0908NH,U47,438,"2009-08-17 14:04:00",38.5727,-137.957,manta,333,U77.128.C3,0.0016,,black,fragment,LDPE
SEAPLEX-0908NH,U47,438,"2009-08-17 14:04:00",38.5727,-137.957,manta,333,U77.128.C5,,NA,blue,fragment,LDPE
SEAPLEX-0908NH,U47,438,"2009-08-17 14:04:00",38.5727,-137.957,manta,333,U77.128.C6,0.0003,,white,fragment,LDPE
SEAPLEX-0908NH,U47,438,"2009-08-17 14:04:00",38.5727,-137.957,manta,333,U77.128.C9,0.0009,,white,fragment,LDPE
SEAPLEX-0908NH,U47,438,"2009-08-17 14:04:00",38.5727,-137.957,manta,333,U77.128.D1,,NA,white,fragment,LDPE
SEAPLEX-0908NH,U47,438,"2009-08-17 14:04:00",38.5727,-137.957,manta,333,U77.128.D10,0.0004,,white,fragment,LDPE
SEAPLEX-0908NH,U47,438,"2009-08-17 14:04:00",38.5727,-137.957,manta,333,U77.128.D3,0.0001,,white,fragment,LDPE
SEAPLEX-0908NH,U47,438,"2009-08-17 14:04:00",38.5727,-137.957,manta,333,U77.128.D4,0.0004,,clear,fragment,LDPE
SEAPLEX-0908NH,U47,438,"2009-08-17 14:04:00",38.5727,-137.957,manta,333,U77.128.D5,,NA,white,fragment,LDPE
SEAPLEX-0908NH,U47,438,"2009-08-17 14:04:00",38.5727,-137.957,manta,333,U77.128.D6,0.0011,,white,line,LDPE
SEAPLEX-0908NH,U47,438,"2009-08-17 14:04:00",38.5727,-137.957,manta,333,U77.128.D9,,NA,white,fragment,LDPE
SEAPLEX-0908NH,U47,438,"2009-08-17 14:04:00",38.5727,-137.957,manta,333,U77.128.D2,,NA,blue,fragment,PE
SEAPLEX-0908NH,U47,438,"2009-08-17 14:04:00",38.5727,-137.957,manta,333,U77.128.B11,,NA,white,fragment,PP
SEAPLEX-0908NH,U47,438,"2009-08-17 14:04:00",38.5727,-137.957,manta,333,U77.128.B2,0.0024,,clear,line,PP
SEAPLEX-0908NH,U47,438,"2009-08-17 14:04:00",38.5727,-137.957,manta,333,U77.128.C12,0.0004,,white,fragment,PP
SEAPLEX-0908NH,U47,438,"2009-08-17 14:04:00",38.5727,-137.957,manta,333,U77.128.C2,,NA,white,fragment,PP
SEAPLEX-0908NH,U47,438,"2009-08-17 14:04:00",38.5727,-137.957,manta,333,U77.128.C4,,NA,white,line,PP
SEAPLEX-0908NH,U47,438,"2009-08-17 14:04:00",38.5727,-137.957,manta,333,U77.128.C8,,NA,white,fragment,PP
SEAPLEX-0908NH,U47,438,"2009-08-17 14:04:00",38.5727,-137.957,manta,333,U77.128.D7,0.0007,,white,line,PP
SEAPLEX-0908NH,U47,438,"2009-08-17 14:04:00",38.5727,-137.957,manta,333,U77.128.D8,0.0045,,white,line,PP
SEAPLEX-0908NH,U47,438,"2009-08-17 14:04:00",38.5727,-137.957,manta,333,U77.128.B5,0.0924,,white,fragment,PS
SEAPLEX-0908NH,U49,444,"2009-08-18 02:04:00",39.389,-136.1213,manta,333,U49.130.A1,0.0021,,white,line,HDPE
SEAPLEX-0908NH,U49,444,"2009-08-18 02:04:00",39.389,-136.1213,manta,333,U49.130.A11,,NA,NA,NA,HDPE
SEAPLEX-0908NH,U49,444,"2009-08-18 02:04:00",39.389,-136.1213,manta,333,U49.130.A3,0.0032,,white,fragment,HDPE
SEAPLEX-0908NH,U49,444,"2009-08-18 02:04:00",39.389,-136.1213,manta,333,U49.130.A4,0.0029,,black,fragment,HDPE
SEAPLEX-0908NH,U49,444,"2009-08-18 02:04:00",39.389,-136.1213,manta,333,U49.130.A8,,NA,NA,NA,HDPE
SEAPLEX-0908NH,U49,444,"2009-08-18 02:04:00",39.389,-136.1213,manta,333,U49.130.CC6,0.0308,,white,fragment,HDPE
SEAPLEX-0908NH,U49,444,"2009-08-18 02:04:00",39.389,-136.1213,manta,333,U49.130.DD2,0.0026,,white,fragment,HDPE
SEAPLEX-0908NH,U49,444,"2009-08-18 02:04:00",39.389,-136.1213,manta,333,U49.130.A10,,NA,NA,NA,LDPE
SEAPLEX-0908NH,U49,444,"2009-08-18 02:04:00",39.389,-136.1213,manta,333,U49.130.A9,,NA,NA,NA,LDPE
SEAPLEX-0908NH,U49,444,"2009-08-18 02:04:00",39.389,-136.1213,manta,333,U49.130.CC1,0.0288,,white,fragment,LDPE
SEAPLEX-0908NH,U49,444,"2009-08-18 02:04:00",39.389,-136.1213,manta,333,U49.130.CC2,0.0321,,black,fragment,LDPE
SEAPLEX-0908NH,U49,444,"2009-08-18 02:04:00",39.389,-136.1213,manta,333,U49.130.CC4,0.0204,,white,fragment,LDPE
SEAPLEX-0908NH,U49,444,"2009-08-18 02:04:00",39.389,-136.1213,manta,333,U49.130.CC5,0.0174,,white,fragment,LDPE
SEAPLEX-0908NH,U49,444,"2009-08-18 02:04:00",39.389,-136.1213,manta,333,U49.130.DD1,0.0151,,white,fragment,LDPE
SEAPLEX-0908NH,U49,444,"2009-08-18 02:04:00",39.389,-136.1213,manta,333,U49.130.DD4,,NA,black,fragment,LDPE
SEAPLEX-0908NH,U49,444,"2009-08-18 02:04:00",39.389,-136.1213,manta,333,U49.130.DD6,0.0033,,white,fragment,LDPE
SEAPLEX-0908NH,U49,444,"2009-08-18 02:04:00",39.389,-136.1213,manta,333,U49.130.A12,,NA,NA,NA,PP
SEAPLEX-0908NH,U49,444,"2009-08-18 02:04:00",39.389,-136.1213,manta,333,U49.130.A2,0.0022,,grey,fragment,PP
SEAPLEX-0908NH,U49,444,"2009-08-18 02:04:00",39.389,-136.1213,manta,333,U49.130.A5,0.0007,,white,fragment,PP
SEAPLEX-0908NH,U49,444,"2009-08-18 02:04:00",39.389,-136.1213,manta,333,U49.130.A7,,NA,NA,NA,PP
SEAPLEX-0908NH,U49,444,"2009-08-18 02:04:00",39.389,-136.1213,manta,333,U49.130.CC3,0.0045,,blue,fragment,PP
SEAPLEX-0908NH,U49,444,"2009-08-18 02:04:00",39.389,-136.1213,manta,333,U49.130.DD3,0.0035,,white,fragment,PP
SEAPLEX-0908NH,U49,444,"2009-08-18 02:04:00",39.389,-136.1213,manta,333,U49.130.DD5,0.0088,,white,fragment,PP
SEAPLEX-0908NH,U49,444,"2009-08-18 02:04:00",39.389,-136.1213,manta,333,U49.130.A6,,NA,NA,NA,PS
SEAPLEX-0908NH,U50,450,"2009-08-19 20:03:00",42.3543,-129.4209,manta,333,U50.131.H1,0.0012,,white,fragment,LDPE
SEAPLEX-0908NH,U50,450,"2009-08-19 20:03:00",42.3543,-129.4209,manta,333,U50.131.H3,,NA,white,fragment,LDPE
SEAPLEX-0908NH,U50,450,"2009-08-19 20:03:00",42.3543,-129.4209,manta,333,U50.131.H2,0.0002,,white,fragment,PP
SEAPLEX-0908NH,U50,450,"2009-08-19 20:03:00",42.3543,-129.4209,manta,333,U50.131.H4,,NA,white,fragment,PP
SEAPLEX-0908NH,U50,450,"2009-08-19 20:03:00",42.3543,-129.4209,manta,333,U50.131.H5,0.0005,,white,fragment,PP
SEAPLEX-0908NH,U51,452,"2009-08-20 02:06:00",42.7969,-128.3858,manta,333,U51.132.CC5,0.0043,,white,fragment,LDPE
SEAPLEX-0908NH,U51,452,"2009-08-20 02:06:00",42.7969,-128.3858,manta,333,U51.132.DD3,,NA,blue,fragment,LDPE
SEAPLEX-0908NH,U51,452,"2009-08-20 02:06:00",42.7969,-128.3858,manta,333,U51.132.CC4,0.0031,,white,fragment,PE
SEAPLEX-0908NH,U51,452,"2009-08-20 02:06:00",42.7969,-128.3858,manta,333,U51.132.CC3,0.0013,,white,fragment,PP
SEAPLEX-0908NH,U51,452,"2009-08-20 02:06:00",42.7969,-128.3858,manta,333,U51.132.DD1,0.0006,,grey,fragment,PP
SEAPLEX-0908NH,U51,452,"2009-08-20 02:06:00",42.7969,-128.3858,manta,333,U51.132.DD2,,NA,grey,fragment,PP
SEAPLEX-0908NH,U51,452,"2009-08-20 02:06:00",42.7969,-128.3858,manta,333,U51.132.CC6,0.0022,,white,fragment,PS
SEAPLEX-0908NH,U6,64,"2009-08-05 02:07:00",32.328,-124.3471,manta,333,U6.15.F4,,NA,white,fragment,HDPE
SEAPLEX-0908NH,U6,64,"2009-08-05 02:07:00",32.328,-124.3471,manta,333,U6.15.F2,0.0006,,white,fragment,LDPE
SEAPLEX-0908NH,U6,64,"2009-08-05 02:07:00",32.328,-124.3471,manta,333,U6.15.F3,,NA,white,fragment,LDPE
SEAPLEX-0908NH,U6,64,"2009-08-05 02:07:00",32.328,-124.3471,manta,333,U6.15.F6,0.0002,,black,fragment,LDPE
SEAPLEX-0908NH,U6,64,"2009-08-05 02:07:00",32.328,-124.3471,manta,333,U6.15.F1,0.0003,,white,line,PP
SEAPLEX-0908NH,U6,64,"2009-08-05 02:07:00",32.328,-124.3471,manta,333,U6.15.F5,,NA,clear,film,PP
SEAPLEX-0908NH,U6,64,"2009-08-05 02:07:00",32.328,-124.3471,manta,333,U6.15.F7,,NA,white,line,PP
SEAPLEX-0908NH,U6,64,"2009-08-05 02:07:00",32.328,-124.3471,manta,333,U6.15.F8,,NA,white,line,PP
SEAPLEX-0908NH,U6,64,"2009-08-05 02:07:00",32.328,-124.3471,manta,333,U6.15.F9,,NA,white,line,PP
SEAPLEX-0908NH,U9,78,"2009-08-05 20:24:00",32.2584,-127.3653,manta,333,U9.19.A8,0.0006,,white,line,HDPE
SEAPLEX-0908NH,U9,78,"2009-08-05 20:24:00",32.2584,-127.3653,manta,333,U9.19.A1,,NA,white,fragment,LDPE
SEAPLEX-0908NH,U9,78,"2009-08-05 20:24:00",32.2584,-127.3653,manta,333,U9.19.A11,0.0021,,yellow,fragment,LDPE
SEAPLEX-0908NH,U9,78,"2009-08-05 20:24:00",32.2584,-127.3653,manta,333,U9.19.A2,0.0038,,white,fragment,LDPE
SEAPLEX-0908NH,U9,78,"2009-08-05 20:24:00",32.2584,-127.3653,manta,333,U9.19.A4,0.0018,,white,line,LDPE
SEAPLEX-0908NH,U9,78,"2009-08-05 20:24:00",32.2584,-127.3653,manta,333,U9.19.B1,0.0002,,white,film,LDPE
SEAPLEX-0908NH,U9,78,"2009-08-05 20:24:00",32.2584,-127.3653,manta,333,U9.19.B2,0.0002,,white,film,LDPE
SEAPLEX-0908NH,U9,78,"2009-08-05 20:24:00",32.2584,-127.3653,manta,333,U9.19.B3,0.0001,,grey,line,LDPE
SEAPLEX-0908NH,U9,78,"2009-08-05 20:24:00",32.2584,-127.3653,manta,333,U9.19.A10,0.0003,,black,fragment,PE
SEAPLEX-0908NH,U9,78,"2009-08-05 20:24:00",32.2584,-127.3653,manta,333,U9.19.A12,0.0003,,white,line,PE
SEAPLEX-0908NH,U9,78,"2009-08-05 20:24:00",32.2584,-127.3653,manta,333,U9.19.A3,0.0038,,blue,fragment,PP
SEAPLEX-0908NH,U9,78,"2009-08-05 20:24:00",32.2584,-127.3653,manta,333,U9.19.A6,0.0004,,clear,film,PP
SEAPLEX-0908NH,U9,78,"2009-08-05 20:24:00",32.2584,-127.3653,manta,333,U9.19.A7,0.0007,,red,line,PP
SEAPLEX-0908NH,U9,78,"2009-08-05 20:24:00",32.2584,-127.3653,manta,333,U9.19.A9,0.0003,,clear,film,PP
SEAPLEX-0908NH,U9,78,"2009-08-05 20:24:00",32.2584,-127.3653,manta,333,U9.19.A5,0.0005,,white,line,NA
